Person ID,X,Y
120,146,326
120,146,326
120,145,326
120,145,325
120,144,325
120,144,326
120,143,326
120,143,326
120,142,325
120,142,325
120,141,325
120,87,492
120,83,496
120,83,499
120,84,499
120,84,498
120,85,497
120,86,497
120,86,497
120,86,495
120,86,494
120,87,495
120,86,496
120,85,495
120,86,495
120,86,496
120,86,496
120,86,497
120,86,494
120,86,495
120,86,495
120,85,496
120,85,497
120,85,498
120,84,499
120,84,500
120,84,501
120,84,502
120,83,502
120,83,503
120,82,504
120,82,505
120,81,506
120,81,507
120,81,508
120,81,509
120,80,510
120,80,511
120,80,512
120,79,512
120,79,514
120,79,514
120,78,515
120,78,516
120,77,517
120,77,518
120,77,519
120,77,520
120,77,521
120,76,522
210,1280,312
210,1276,307
210,1271,302
210,1268,296
210,1263,290
210,1259,285
210,1255,280
210,1251,274
210,1247,269
210,1243,263
210,1239,258
210,1234,252
210,1231,247
210,1226,242
210,1222,236
210,1218,230
210,1214,225
210,1210,220
210,1206,214
210,1202,209
210,1197,203
210,1193,198
210,1189,192
210,1185,187
210,1181,182
210,1177,177
210,1173,171
210,1169,165
210,1164,160
210,1160,155
213,206,205
213,219,159
213,225,154
213,232,149
213,241,150
213,245,152
213,248,153
213,250,152
213,253,151
213,255,150
213,257,149
213,299,184
213,307,188
213,314,191
213,320,193
213,327,196
213,333,199
213,316,190
213,313,167
213,317,167
213,321,166
213,318,186
213,321,187
213,324,189
213,327,191
213,331,192
213,317,190
213,319,191
213,316,189
213,318,190
213,319,191
213,318,193
213,318,194
213,320,195
213,321,196
213,321,197
213,323,198
213,324,199
213,325,200
213,326,202
213,327,202
213,328,204
213,310,189
213,309,189
213,309,189
213,309,190
213,308,190
213,308,190
213,308,191
213,307,191
213,307,191
213,307,191
213,307,191
213,306,192
213,306,192
213,306,192
213,305,192
213,305,192
213,305,192
213,304,192
213,304,192
213,304,193
213,303,193
213,394,243
213,398,246
213,403,248
213,408,251
213,412,254
213,417,257
213,385,240
213,383,237
213,377,236
213,377,235
213,371,233
213,366,232
213,365,231
213,362,232
213,363,231
213,364,231
213,364,231
213,368,232
213,369,232
213,369,232
213,369,232
213,369,232
213,388,278
213,390,284
213,393,287
213,394,285
213,394,285
213,407,275
213,415,275
213,418,278
213,421,280
213,424,282
213,427,284
213,404,294
213,405,297
213,411,288
213,425,289
213,430,292
213,434,290
213,435,290
213,436,289
213,435,287
213,437,286
213,443,283
213,444,288
213,442,290
213,438,287
213,434,283
213,433,283
213,433,283
213,433,282
213,434,282
213,435,282
213,435,282
213,435,282
213,436,281
213,383,284
213,379,285
213,373,291
213,368,290
213,366,289
213,365,291
213,357,294
213,355,296
213,355,298
213,352,299
213,349,300
213,346,302
213,342,303
213,354,307
213,352,308
213,351,309
213,349,311
213,346,312
213,345,313
213,343,315
213,341,316
213,339,317
213,337,319
213,335,320
213,379,247
213,379,243
213,378,244
213,380,244
213,379,246
213,380,244
213,380,242
213,381,240
213,381,238
213,383,236
213,383,234
213,377,235
213,377,233
213,377,232
213,377,230
213,377,229
213,377,227
213,377,225
213,377,224
213,378,222
213,377,220
213,377,219
213,377,217
213,378,215
213,378,214
213,377,212
213,378,210
213,378,209
213,378,207
213,378,205
213,378,204
213,378,202
213,378,200
213,378,199
213,378,197
213,378,195
213,392,234
213,393,234
213,393,234
213,394,234
213,395,234
213,396,234
213,396,234
213,397,234
213,397,235
213,398,235
213,399,235
213,399,235
213,400,235
213,401,235
213,401,235
213,378,298
213,379,300
213,378,304
213,378,308
213,377,311
213,376,315
213,376,319
213,375,322
213,374,326
213,374,330
213,373,333
213,372,337
213,371,341
213,371,344
213,370,348
213,370,352
213,369,355
213,368,359
213,368,363
213,367,366
213,367,370
213,366,374
213,365,377
213,364,381
213,364,385
213,363,389
213,362,392
213,362,396
213,361,400
213,360,404
213,360,407
213,359,411
218,448,67
218,447,67
218,446,66
218,445,65
218,445,65
218,444,64
218,443,63
218,443,63
218,442,62
218,441,61
218,440,61
218,439,60
218,439,59
218,438,59
218,437,58
218,437,57
218,436,57
218,435,56
218,434,55
218,433,55
218,432,54
218,432,53
218,431,52
218,430,52
218,430,51
218,429,50
218,428,50
218,427,49
218,426,48
218,411,121
218,410,123
218,408,125
218,407,127
218,406,129
218,404,131
218,403,133
218,402,135
218,400,136
218,399,138
218,398,140
218,396,142
218,396,132
218,397,133
218,398,132
218,398,132
218,398,129
218,399,130
218,398,132
218,397,132
218,397,133
218,396,133
218,395,134
218,394,134
218,394,135
218,393,136
218,393,136
218,392,137
218,392,138
218,391,138
218,391,139
218,390,139
218,389,140
218,447,104
218,450,103
218,453,101
218,456,100
218,459,98
218,462,97
218,465,95
218,467,93
218,470,92
218,473,91
218,476,89
218,479,87
218,481,87
218,484,85
218,487,83
218,490,82
218,493,80
218,496,79
218,499,77
218,466,116
218,466,116
218,461,114
218,464,116
218,469,118
218,474,116
218,477,117
218,479,117
218,480,118
218,482,118
218,484,118
218,486,119
218,487,119
218,489,119
218,395,114
218,389,114
218,388,113
218,387,113
218,386,113
218,386,113
218,386,116
218,386,114
218,383,112
218,385,111
218,385,110
218,389,111
218,387,109
218,380,111
218,378,111
218,388,112
218,387,112
218,385,110
218,384,110
218,383,111
218,384,113
218,387,115
218,449,97
218,463,113
218,467,120
218,467,122
218,478,138
218,477,143
218,478,146
218,474,147
218,471,151
218,471,156
218,475,159
218,464,155
218,454,153
218,452,190
218,453,195
218,454,200
218,455,206
218,456,211
218,457,216
218,457,221
218,459,227
218,459,232
218,461,237
218,462,243
218,462,248
218,464,253
218,464,258
218,465,264
218,466,269
218,467,275
218,399,124
218,403,128
218,401,126
218,399,124
218,397,122
218,395,120
218,393,118
218,391,116
218,389,114
218,387,112
218,385,110
218,383,108
218,382,106
218,380,104
218,390,118
218,388,115
218,387,114
218,386,113
218,385,112
218,384,111
218,382,110
218,382,109
218,380,108
218,392,110
218,390,110
218,389,110
218,390,108
218,392,109
218,391,108
218,389,108
218,391,108
218,391,109
218,393,109
218,393,109
218,393,110
218,393,110
218,395,110
218,395,108
218,395,108
218,393,110
218,393,110
218,392,110
218,391,111
218,393,111
218,392,110
218,395,109
218,396,109
218,396,109
218,391,113
218,389,113
218,393,113
218,396,113
218,396,113
218,397,113
218,398,113
218,398,113
218,398,113
218,399,113
218,399,114
218,450,131
218,452,125
218,451,123
218,453,129
218,454,134
218,453,137
218,451,128
218,450,124
218,448,124
218,446,123
218,444,122
218,448,123
218,454,134
218,457,137
218,452,129
218,452,126
218,449,125
218,453,135
218,454,138
218,453,139
218,450,140
218,451,140
218,452,141
218,452,143
218,449,143
218,446,143
218,447,142
218,448,141
218,448,142
218,451,141
218,451,142
218,455,143
218,458,143
218,457,142
218,458,142
218,456,143
218,457,144
218,457,144
218,451,143
218,449,143
218,453,143
218,451,144
218,451,145
218,451,143
218,450,143
218,450,140
218,449,140
218,449,140
218,446,140
218,445,140
218,444,140
218,444,140
218,443,140
218,443,139
218,442,139
223,819,98
223,852,101
223,866,102
223,873,102
223,883,100
223,890,101
223,894,98
223,904,100
223,907,102
223,914,103
223,917,104
223,929,105
223,935,109
223,955,124
223,964,132
223,965,137
223,964,136
223,962,136
223,964,136
223,961,135
223,961,134
223,960,134
223,954,133
223,949,133
223,947,133
223,947,133
223,946,134
223,947,133
223,946,133
223,947,134
223,946,134
223,946,134
223,946,134
223,946,134
223,946,133
223,946,135
223,945,135
223,946,134
223,945,135
223,945,134
223,945,134
223,946,135
223,947,135
223,946,135
223,947,135
223,946,135
223,946,135
223,946,135
223,947,135
223,947,135
223,948,135
223,948,134
223,948,135
223,948,134
223,949,133
223,950,133
223,950,134
223,950,134
223,951,134
223,952,134
223,950,134
223,950,134
223,950,134
223,951,134
223,952,134
223,952,134
223,953,134
223,954,134
223,954,134
223,953,134
223,953,135
223,953,136
223,950,135
223,950,135
223,950,136
223,949,135
223,948,136
223,948,135
223,948,135
223,949,136
223,949,136
223,949,136
223,947,135
223,946,135
223,946,135
223,944,137
223,946,137
223,946,137
223,948,137
223,948,137
223,948,136
223,948,137
223,949,137
223,949,137
223,947,136
223,947,136
223,946,136
223,948,136
223,947,137
223,947,136
223,946,135
223,945,134
223,944,135
223,945,134
223,945,134
223,948,134
223,947,133
223,946,133
223,945,133
223,945,133
223,945,132
223,948,132
223,952,132
223,955,132
223,955,132
223,952,131
223,945,116
223,939,110
223,937,127
223,924,128
223,922,113
223,920,120
223,920,107
223,919,103
223,919,99
223,919,101
223,918,99
223,916,98
223,920,101
223,927,104
223,931,107
223,933,109
223,932,111
223,933,111
223,933,112
223,903,107
223,900,106
223,895,106
223,895,104
223,896,108
223,899,109
223,900,109
223,902,111
223,902,113
223,902,114
223,901,114
223,901,114
223,904,116
223,922,119
223,924,119
223,926,120
223,927,121
223,948,118
223,951,118
223,955,119
223,958,119
223,962,120
223,965,120
223,969,120
223,972,121
223,976,121
223,979,122
223,983,122
223,986,123
223,990,123
223,993,124
223,997,124
223,1000,124
223,1003,125
223,1007,125
223,1010,126
223,1014,126
223,1017,127
223,1021,127
223,1024,128
223,1028,128
223,1031,128
223,1035,129
223,1038,129
223,1042,130
223,1045,131
223,1049,131
223,1052,132
226,1412,555
226,1343,552
226,1320,549
226,1311,541
226,1310,529
226,1310,522
226,1310,519
226,1312,500
226,1310,489
226,1310,478
226,1311,469
226,1317,463
226,1328,459
226,1328,457
226,1326,473
226,1321,478
226,1312,481
226,1309,481
226,1305,480
226,1300,480
226,1283,478
226,1276,465
226,1265,461
226,1264,453
226,1267,450
226,1270,447
226,1271,447
226,1281,444
226,1289,447
226,1297,455
226,1297,468
226,1300,469
226,1299,466
226,1299,467
226,1299,462
226,1303,461
226,1305,459
226,1308,458
226,1314,454
226,1316,448
226,1313,441
226,1308,437
226,1311,431
226,1310,428
226,1311,425
226,1306,418
226,1305,415
226,1304,411
226,1305,410
226,1307,405
226,1308,408
226,1309,407
226,1309,408
226,1319,402
226,1330,395
226,1338,404
226,1334,417
226,1330,426
226,1335,409
226,1341,396
226,1345,387
226,1348,377
226,1346,373
226,1343,375
226,1340,374
226,1334,373
226,1333,374
226,1327,370
226,1323,385
226,1330,374
226,1329,369
226,1328,367
226,1328,366
226,1327,363
226,1327,362
226,1327,359
226,1326,358
226,1326,356
226,1325,354
226,1325,352
226,1388,468
226,1281,529
226,1274,541
226,1266,554
226,1259,566
226,1251,578
226,1303,521
226,1306,514
226,1304,519
226,1302,524
226,1338,531
226,1351,532
226,1375,514
226,1385,514
226,1396,507
226,1403,508
226,1409,509
226,1416,510
226,1442,466
226,1448,478
226,1455,477
226,1464,475
226,1471,474
226,1479,472
226,1487,471
226,1495,469
226,1503,468
226,1511,466
226,1519,464
226,1527,463
226,1535,462
226,1543,460
226,1551,459
226,1559,457
226,1566,456
226,1575,454
226,1583,453
226,1590,451
226,1599,449
226,1606,448
226,1614,447
226,1622,445
226,1630,444
226,1638,442
226,1646,441
226,1654,439
226,1662,438
226,1670,436
226,1678,435
226,1686,433
232,539,124
232,543,123
232,545,123
232,543,123
232,540,122
232,538,123
232,538,123
232,530,124
232,527,123
232,525,122
232,525,120
232,523,121
232,523,121
232,524,122
232,522,122
232,522,122
232,523,122
232,524,123
232,522,122
232,518,125
232,518,125
232,514,124
232,513,125
232,513,126
232,516,125
232,512,125
232,507,125
232,505,125
232,505,126
232,502,126
232,479,127
232,470,128
232,466,130
232,472,130
232,475,130
232,474,129
232,476,130
232,474,131
232,471,135
232,464,135
232,464,135
232,463,134
232,462,135
232,465,135
232,465,133
232,466,133
232,466,134
232,471,134
232,475,133
232,477,134
232,477,134
232,495,133
232,499,134
232,505,132
232,511,130
232,509,130
232,514,132
232,517,132
232,520,131
232,523,131
232,501,178
232,502,183
232,503,187
232,503,192
232,456,142
232,452,138
232,448,139
232,449,139
232,450,140
232,449,141
232,445,148
232,452,145
232,449,144
232,450,145
232,451,143
232,452,141
232,451,139
232,449,141
232,450,141
232,454,139
232,453,136
232,453,136
232,452,135
232,452,134
232,452,134
232,451,134
232,451,133
232,451,133
232,450,132
232,450,132
232,450,131
232,449,130
232,449,130
232,449,129
232,448,129
232,448,128
232,448,128
232,447,127
232,447,126
232,447,126
232,446,125
232,446,125
232,446,124
232,445,124
232,445,123
232,445,123
232,444,122
232,444,121
232,444,121
232,444,120
232,444,120
233,274,230
233,270,231
233,265,232
233,261,232
233,256,232
233,252,233
233,247,233
233,243,234
233,239,234
233,234,235
233,230,235
233,225,236
233,221,236
233,217,237
233,212,237
233,208,238
233,203,238
233,199,239
233,195,239
233,190,240
233,186,240
239,429,212
239,431,210
239,433,207
239,435,205
239,437,203
239,439,200
239,441,198
239,443,196
239,445,194
239,448,191
239,450,189
239,394,263
239,391,264
239,391,263
239,390,265
239,388,268
239,387,270
239,385,272
239,383,274
239,382,276
239,380,279
239,378,281
239,377,283
239,375,285
239,374,287
239,372,289
239,371,292
239,369,294
239,367,296
239,366,298
239,364,300
239,362,303
239,361,305
239,359,307
239,357,309
239,356,311
239,354,314
239,353,316
239,351,318
239,350,320
239,348,322
239,346,325
239,388,263
239,388,263
239,387,262
239,384,263
239,384,261
239,383,261
239,383,260
239,382,260
239,382,260
239,382,260
239,381,259
239,381,259
239,380,259
239,380,258
239,379,258
239,379,258
239,379,258
239,378,257
239,378,256
239,528,238
239,542,241
239,547,222
239,581,220
239,595,227
239,601,232
239,608,235
239,614,234
239,614,236
239,614,235
239,616,230
239,617,227
239,619,232
239,624,236
239,625,237
239,624,238
239,626,231
239,628,225
239,629,221
239,630,222
239,624,223
239,622,223
239,624,226
239,630,231
239,629,231
239,628,233
239,630,228
239,627,225
239,625,222
239,624,223
239,622,225
239,626,224
239,621,223
239,620,219
239,618,222
239,603,218
239,590,227
239,588,220
239,580,221
239,578,218
239,573,215
239,560,214
239,556,235
239,548,223
239,547,246
239,544,255
239,546,267
239,546,275
239,543,280
239,534,225
239,530,223
239,524,213
239,520,211
239,516,208
239,511,205
239,507,202
239,503,199
239,499,197
239,495,194
239,491,191
239,487,188
239,482,185
239,478,183
239,474,180
239,470,177
239,528,129
239,537,130
239,538,125
239,538,120
239,539,115
239,539,111
239,442,143
239,440,146
239,439,164
239,440,153
239,434,175
239,432,158
239,440,149
239,446,148
239,457,146
239,451,147
239,449,145
239,461,142
239,466,140
239,471,140
239,476,141
239,478,139
239,477,141
239,472,139
239,469,140
239,470,140
239,467,141
239,463,140
239,464,139
239,469,139
239,470,138
239,470,137
239,470,137
239,468,136
239,468,127
239,469,133
239,466,126
239,467,132
239,466,134
239,466,134
239,464,127
239,464,124
239,465,123
239,466,133
239,464,136
239,462,137
239,463,137
239,462,136
239,459,135
239,456,135
239,456,135
239,458,136
239,458,136
239,460,127
239,461,124
239,463,123
239,464,122
239,465,123
239,466,122
239,466,121
239,467,120
239,468,120
239,466,121
239,463,122
239,463,122
239,463,120
239,457,118
239,452,117
239,451,117
239,460,119
239,461,119
239,463,119
239,460,119
239,458,117
239,459,116
239,461,117
239,462,119
239,461,120
239,458,119
239,456,120
239,456,120
239,456,120
239,405,114
239,397,113
239,393,114
239,388,114
239,397,112
239,399,114
239,399,114
239,398,113
239,401,112
239,403,111
239,403,111
239,403,112
239,404,111
239,404,110
239,404,109
239,403,108
239,402,108
239,400,111
239,396,110
239,396,111
239,395,111
239,390,114
239,389,114
239,387,114
239,386,114
239,385,115
239,394,113
239,396,114
239,399,113
239,401,115
239,401,115
239,402,116
239,402,118
239,402,118
239,400,119
239,400,119
239,400,119
239,400,119
239,400,119
239,400,119
239,400,119
239,400,120
239,400,120
239,400,120
239,399,113
239,399,113
239,399,112
239,400,112
239,400,112
239,400,112
239,400,112
239,443,138
239,448,143
241,691,81
241,690,79
241,690,77
241,690,75
241,689,73
241,689,71
241,688,69
241,688,67
241,687,66
241,687,64
241,686,62
241,686,60
241,686,58
241,685,57
241,685,55
241,684,53
241,684,51
241,683,49
241,683,47
241,682,45
241,682,43
241,682,41
241,682,39
241,681,38
241,681,36
241,680,34
241,680,32
241,679,30
241,679,28
241,678,26
242,1403,800
242,1402,801
242,1364,794
242,1326,788
242,1307,764
242,1294,752
242,1295,748
242,1273,742
242,1249,738
242,1248,730
242,1243,731
242,1219,729
242,1203,727
242,1193,716
242,1181,709
242,1179,709
242,1160,702
242,1156,706
242,1168,707
242,1135,676
242,1122,664
242,1174,702
242,1174,715
242,1165,725
242,1147,732
242,1133,764
242,1110,734
242,1090,722
242,1076,719
242,1073,719
242,1073,718
242,1073,721
242,1066,720
242,1078,716
242,1085,720
242,1085,719
242,1080,708
242,1081,691
242,1078,692
242,1074,698
242,1067,695
242,1069,697
242,1066,696
242,1063,694
242,1048,698
242,1043,696
242,1046,697
242,1057,700
242,1057,697
242,1063,696
242,1065,697
242,1066,695
242,1070,703
242,1079,694
242,1092,694
242,1097,699
242,1104,701
242,1109,697
242,1109,692
242,1109,647
242,1109,632
242,1137,681
242,1145,701
242,1153,714
242,1159,718
242,1165,722
242,1171,726
242,1178,730
242,1184,734
242,1190,738
242,1196,742
242,1245,635
242,1254,630
242,1264,625
242,1273,621
242,1282,617
242,1292,612
242,1301,608
242,1311,603
242,1320,599
242,1329,594
242,1339,590
242,1348,585
242,1358,581
242,1367,576
242,1376,572
242,1386,568
242,1395,563
242,1404,559
242,1414,554
242,1423,550
242,1433,545
242,1442,540
242,1451,536
242,1461,532
242,1470,527
242,1480,523
242,1489,518
242,1498,514
242,1508,509
242,1517,505
242,1527,500
244,481,183
244,477,182
244,476,181
244,475,181
244,474,181
244,472,180
244,471,180
244,470,179
244,469,179
244,468,179
244,467,178
244,466,178
244,464,177
244,464,177
244,452,172
244,451,168
244,449,167
244,448,166
244,446,165
244,444,164
244,442,163
244,440,162
244,439,161
244,437,159
244,435,159
244,434,157
244,432,156
244,430,155
244,428,154
244,426,153
244,425,152
244,423,151
244,421,150
244,402,121
244,402,121
244,399,118
244,397,116
244,394,114
244,392,111
244,390,109
244,387,107
244,385,104
244,382,102
244,380,100
244,377,97
244,375,95
244,372,93
244,370,91
244,368,88
244,365,86
244,363,84
244,360,81
244,358,79
244,355,77
244,353,74
244,350,71
244,348,70
244,346,67
244,343,65
244,341,63
244,338,60
244,336,58
244,333,56
244,331,53
244,328,51
248,1495,806
248,1481,800
248,1470,795
248,1444,800
248,1355,789
248,1326,785
248,1344,776
248,1378,756
248,1552,768
248,1622,793
248,1641,793
248,1660,792
248,1680,791
248,1619,777
248,1613,778
248,1604,778
248,1598,774
248,1536,755
248,1512,744
248,1487,745
248,1475,765
248,1466,772
248,1473,753
248,1465,747
248,1444,736
248,1441,734
248,1443,732
248,1434,736
248,1426,739
248,1391,739
248,1352,752
248,1355,758
248,1357,767
248,1350,770
248,1308,771
248,1303,778
248,1320,780
248,1317,780
248,1311,779
248,1321,776
248,1316,771
248,1328,750
248,1327,742
248,1321,736
248,1320,734
248,1315,732
248,1314,732
248,1318,734
248,1320,732
248,1314,733
248,1319,733
248,1334,735
248,1334,737
248,1332,737
248,1327,737
248,1326,737
248,1317,740
248,1315,741
248,1317,762
248,1308,769
248,1316,775
248,1318,779
248,1336,791
248,1346,798
248,1349,810
248,1347,815
248,1338,817
248,1317,809
248,1308,805
248,1302,804
248,1310,801
248,1305,798
248,1303,784
248,1242,779
248,1202,768
248,1187,767
248,1179,766
248,1166,764
248,1160,764
248,1156,768
248,1153,771
248,1148,770
248,1145,764
248,1139,765
248,1136,768
248,1109,765
248,1102,768
248,1098,767
248,1094,769
248,1081,771
248,1076,773
248,1068,770
248,1066,771
248,1060,772
248,1055,773
248,1065,782
248,1067,780
248,1068,780
248,1068,780
248,1074,780
248,1075,779
248,1071,780
248,1073,783
248,1054,777
248,1069,782
248,1056,773
248,1049,775
248,1052,771
248,1068,779
248,1077,782
248,1059,774
248,1075,778
248,1081,779
248,1071,775
248,1064,772
248,1073,778
248,1070,777
248,1069,777
248,1065,781
248,1066,785
248,1064,784
248,1063,785
248,1062,788
248,1059,790
248,1060,788
248,1057,794
248,1056,798
248,1055,798
248,1055,797
248,1055,796
248,1056,793
248,1058,797
248,1059,798
248,1058,797
248,1054,799
248,1053,799
248,1057,798
248,1056,801
248,1053,800
248,1053,798
248,1051,798
248,1052,798
248,1050,800
248,1049,797
248,1049,798
248,1047,799
248,1048,798
248,1055,794
248,1064,790
248,1063,791
248,1058,782
248,1061,788
248,1060,790
248,1058,787
248,1053,785
248,1048,783
248,1044,782
248,1046,779
248,1042,779
248,1033,777
248,1034,777
248,1039,774
248,1034,775
248,1031,775
248,1025,774
248,1025,774
248,1027,773
248,1025,772
248,1024,771
248,1028,772
248,1025,774
248,1022,776
248,1022,776
248,1021,777
248,1019,780
248,1019,780
248,1021,780
248,1027,778
248,1029,780
248,1030,776
248,1029,775
248,1026,773
248,1025,775
248,1025,777
248,1024,779
248,1020,782
248,1026,783
248,1024,788
248,1026,788
248,1034,789
248,1039,788
248,1045,787
248,1054,785
248,1050,778
248,1042,771
248,1031,765
248,1062,762
248,1106,762
248,1129,762
248,1134,747
248,1143,741
248,1143,737
248,1146,721
248,1147,718
248,1152,706
248,1154,706
248,1152,709
248,1155,697
248,1146,684
248,1143,672
248,1146,670
248,1150,673
248,1144,670
248,1138,667
248,1138,670
248,1132,637
248,1134,623
248,1137,621
248,1145,612
248,1149,602
248,1164,593
248,1174,590
248,1180,586
248,1185,584
248,1188,585
248,1178,586
248,1185,584
248,1191,587
248,1194,591
248,1194,585
248,1197,561
248,1201,545
248,1203,530
248,1207,516
248,1213,509
248,1214,503
248,1214,507
248,1214,508
248,1215,506
248,1217,504
248,1220,502
248,1224,498
248,1231,480
248,1240,488
248,1252,479
248,1257,474
248,1277,467
248,1291,446
248,1296,440
248,1301,430
248,1301,426
251,1137,690
251,1102,670
251,1094,665
251,1069,653
251,1045,641
251,1021,629
251,997,617
251,973,604
251,949,592
251,925,580
251,901,568
251,877,556
251,853,544
251,829,532
251,805,520
251,781,507
251,757,495
251,733,483
251,709,471
251,685,459
251,661,447
251,637,435
251,613,422
251,589,410
251,564,398
251,540,386
251,516,374
251,492,362
251,468,350
251,444,337
251,420,325
251,396,313
251,372,301
253,163,332
253,165,331
253,167,330
253,169,329
253,170,328
253,172,328
253,174,326
253,175,325
253,177,324
253,179,324
253,180,323
253,182,321
253,184,320
253,185,319
253,187,319
253,189,318
253,190,317
253,192,315
253,194,315
253,196,314
253,197,313
253,199,312
253,201,310
253,202,310
253,204,309
253,206,308
253,207,307
253,209,306
253,211,305
253,213,304
253,140,276
253,140,275
253,139,274
253,138,272
253,137,270
253,137,268
253,136,267
253,135,265
253,134,263
253,133,262
253,133,260
253,132,258
253,131,256
253,130,254
253,129,253
253,129,251
253,128,249
253,127,247
253,126,246
253,125,244
253,124,242
253,124,241
253,123,239
253,122,237
253,121,235
253,120,233
253,120,231
253,119,230
253,118,228
253,117,226
253,116,225
253,116,223
257,1325,309
257,1326,305
257,1326,301
257,1325,307
257,1325,307
257,1325,307
257,1323,303
257,1325,305
257,1325,345
257,1325,339
257,1320,339
257,1319,342
257,1319,345
257,1321,338
257,1324,315
257,1322,333
257,1322,338
257,1328,356
257,1329,363
257,1330,365
257,1333,365
257,1330,361
257,1328,360
257,1332,364
257,1334,365
257,1332,365
257,1332,365
257,1328,361
257,1328,359
257,1333,363
257,1336,363
257,1336,363
257,1336,361
257,1338,360
257,1337,360
257,1336,358
257,1336,355
257,1329,357
257,1326,360
257,1326,361
257,1323,359
257,1324,359
257,1325,356
257,1324,358
257,1324,358
257,1322,358
257,1327,355
257,1326,354
257,1326,357
257,1323,357
257,1321,358
257,1320,360
257,1314,356
257,1311,356
257,1310,354
257,1308,353
257,1308,351
257,1306,351
257,1305,349
257,1308,350
257,1311,352
257,1322,353
257,1328,354
257,1331,355
257,1334,359
257,1335,362
257,1334,360
257,1340,355
257,1341,355
257,1348,354
257,1353,357
257,1354,356
257,1353,355
257,1349,353
257,1343,356
257,1338,356
257,1331,355
257,1326,345
257,1318,341
257,1309,329
257,1309,324
257,1303,320
257,1298,318
257,1297,319
257,1276,317
257,1266,318
257,1264,319
257,1272,320
257,1272,301
257,1271,291
257,1268,287
257,1262,285
257,1253,285
257,1248,282
257,1245,277
257,1247,256
257,1246,228
257,1247,215
257,1247,208
257,1242,227
257,1247,214
257,1250,211
257,1251,207
257,1251,208
257,1250,209
257,1252,211
257,1252,211
257,1254,210
257,1256,208
257,1255,209
257,1255,207
257,1255,205
257,1210,219
257,1207,221
257,1215,228
257,1229,256
257,1233,265
257,1230,280
257,1240,289
257,1247,285
257,1247,283
257,1291,309
257,1295,315
257,1300,320
257,1304,326
257,1308,332
257,1311,338
257,1315,344
257,1319,350
257,1323,356
257,1327,362
257,1332,367
257,1335,373
257,1339,380
257,1343,385
257,1347,391
257,1351,397
257,1248,280
257,1250,234
257,1267,228
257,1327,289
257,1344,306
257,1352,314
257,1346,311
257,1349,315
257,1338,319
257,1330,318
257,1325,322
257,1313,326
257,1307,352
257,1308,353
257,1311,361
257,1313,368
257,1316,376
257,1318,383
257,1320,390
257,1323,398
257,1326,405
257,1328,413
257,1330,420
257,1333,427
257,1335,435
257,1338,442
257,1168,306
257,1064,369
257,1044,382
257,1017,422
257,998,437
257,972,455
257,942,447
257,908,440
257,878,437
257,807,382
257,818,356
257,734,378
257,681,379
257,638,393
257,603,392
257,571,398
257,563,460
257,527,470
257,475,507
257,442,517
257,403,543
257,389,555
257,357,568
257,323,580
261,1465,801
261,1468,801
261,1467,803
261,1469,806
261,1479,801
261,1481,798
261,1474,792
261,1475,791
261,1476,790
261,1477,789
261,1478,787
261,1477,751
261,1476,733
261,1476,720
261,1475,708
261,1479,703
261,1479,698
261,1486,702
261,1497,680
261,1508,670
261,1524,660
261,1539,641
261,1539,629
261,1539,620
261,1545,620
261,1550,617
261,1555,617
261,1561,617
261,1562,599
261,1577,594
261,1583,586
261,1587,590
261,1590,587
261,1592,585
261,1593,584
261,1592,584
261,1594,583
261,1596,583
261,1600,582
261,1603,581
261,1598,582
261,1601,584
261,1602,583
261,1604,581
261,1607,579
261,1609,577
261,1612,575
261,1614,574
261,1617,572
261,1596,571
261,1591,579
261,1589,581
261,1587,579
261,1590,577
261,1590,569
261,1592,564
261,1591,560
261,1578,551
261,1572,546
261,1570,542
261,1566,537
261,1564,535
261,1563,534
261,1557,531
261,1547,521
261,1547,508
261,1544,500
261,1525,498
261,1518,498
261,1514,495
261,1500,476
261,1497,467
261,1496,458
261,1494,461
261,1493,457
261,1488,457
261,1485,457
261,1478,451
261,1471,447
261,1473,437
261,1467,430
261,1458,424
261,1449,422
261,1444,419
261,1430,420
261,1425,418
261,1424,414
261,1430,392
261,1433,385
261,1429,385
261,1429,387
261,1429,387
261,1427,383
261,1426,382
261,1424,379
261,1423,377
261,1422,382
261,1424,383
261,1425,384
261,1424,387
261,1424,388
261,1426,391
261,1427,391
261,1425,388
261,1423,386
261,1424,383
261,1425,379
261,1415,376
261,1409,371
261,1410,368
261,1416,363
261,1366,340
261,1347,330
261,1346,332
261,1340,339
261,1340,355
261,1344,370
261,1347,378
261,1357,393
261,1363,400
261,1368,414
261,1372,441
261,1377,467
261,1388,474
261,1397,473
261,1405,504
261,1402,519
261,1431,540
261,1446,543
261,1489,561
261,1507,568
261,1535,578
261,1569,581
261,1612,587
261,1642,594
261,1661,604
261,1680,612
261,1699,622
261,1718,631
261,1737,639
261,1756,649
261,1775,657
261,1794,667
261,1813,676
261,1832,685
261,1851,694
261,1870,703
261,1888,712
261,1907,721
261,1927,730
261,1946,739
261,1965,748
261,1983,757
261,2002,766
261,2021,775
261,2040,784
261,2060,793
261,2078,802
261,2097,811
261,2116,820
261,2135,829
261,2154,838
261,2173,847
261,2192,857
261,2211,865
264,546,153
264,546,153
264,550,151
264,550,150
264,551,149
264,552,149
264,553,148
264,485,121
264,476,116
264,471,113
264,470,114
264,469,114
264,474,115
264,476,113
264,476,112
264,474,112
264,501,137
264,502,139
264,503,140
264,504,142
264,505,143
264,506,145
264,507,147
264,508,148
264,509,150
264,510,152
264,511,153
264,530,149
264,525,147
264,522,140
264,540,114
264,552,105
264,554,100
264,551,99
264,553,98
264,553,100
264,552,100
264,445,108
264,407,111
264,391,111
264,376,111
264,362,111
264,347,111
264,332,110
264,317,110
264,303,110
264,288,110
264,273,110
264,258,109
264,243,109
264,228,109
264,213,109
264,199,109
264,184,108
264,169,108
264,154,108
264,140,108
264,125,108
264,111,108
264,95,107
264,81,107
264,66,107
264,51,107
264,36,107
264,21,107
264,7,106
264,-8,106
264,-23,106
264,-38,106
271,668,69
271,671,68
271,683,68
271,692,67
271,698,66
271,704,70
271,710,70
271,724,70
271,731,71
271,736,84
271,740,89
271,742,91
271,740,79
271,737,74
271,736,85
271,733,77
271,732,74
271,733,85
271,731,75
271,728,72
271,726,70
271,725,69
271,726,69
271,727,68
271,728,68
271,721,70
271,728,84
271,729,89
271,727,91
271,727,92
271,728,94
271,728,96
271,729,98
271,730,99
271,730,101
271,730,103
271,731,104
271,732,106
271,732,108
271,733,110
271,733,112
271,734,113
271,911,134
271,932,138
271,940,137
271,952,140
271,964,133
271,975,135
271,980,137
271,986,136
271,993,128
271,1003,128
271,1013,128
271,1022,128
271,1033,128
271,1042,129
271,1052,129
271,1062,129
271,1072,129
271,1082,130
271,1091,129
271,1101,130
271,1111,130
271,1121,130
271,1131,130
271,1141,131
271,1151,131
271,1160,131
271,1170,131
271,1180,131
271,1190,131
271,1200,132
271,1210,132
271,1220,132
271,1229,132
271,1239,133
271,1249,133
271,1259,133
271,890,94
271,894,98
271,900,81
271,910,75
271,932,93
271,941,95
271,953,82
271,968,100
271,976,106
271,981,111
271,992,130
271,992,139
271,1004,138
271,1011,140
271,1018,144
271,1023,147
271,1030,151
271,1090,151
271,1017,178
271,1020,183
271,993,170
271,978,165
271,974,163
271,975,159
271,977,154
271,976,155
271,975,156
271,974,156
271,973,157
271,972,158
271,977,155
271,982,157
271,983,155
271,983,154
271,984,153
271,986,152
271,986,152
271,979,147
271,978,147
271,978,146
271,977,145
271,977,145
271,977,144
271,976,143
271,976,143
271,975,143
271,975,142
271,959,149
271,959,144
271,955,148
271,953,153
271,951,153
271,950,152
271,952,151
271,951,152
271,954,153
271,950,136
271,949,135
271,948,133
271,947,132
271,945,130
271,944,129
271,943,127
271,942,125
271,953,145
271,952,148
271,952,149
271,952,150
271,952,150
271,951,150
271,951,151
271,951,151
271,953,150
271,954,149
271,954,147
271,954,145
277,1101,225
277,1095,211
277,1092,209
277,1097,207
277,1094,199
277,1092,192
277,1090,185
277,1124,256
277,1126,263
277,1125,264
277,1127,267
277,1129,269
277,1131,273
277,1120,233
277,1116,223
277,1114,222
277,1116,240
277,1119,247
277,1123,234
277,1124,230
277,1123,244
277,1120,249
277,1116,250
277,1114,249
277,1110,252
277,1109,235
277,1101,228
277,1093,220
277,1089,216
277,1088,212
277,1087,208
277,1085,206
277,1083,203
277,1104,205
277,1058,196
277,1043,197
277,1040,197
277,1039,198
277,1037,202
277,1035,202
277,1036,204
277,1038,201
277,1049,203
277,1054,203
277,1088,205
277,1101,207
277,1111,208
277,1113,208
277,1113,207
277,1112,207
277,1111,207
277,1111,207
277,1112,207
277,1119,211
277,1124,213
277,1130,215
277,1152,217
277,1165,216
277,1171,216
277,1178,217
277,1184,218
277,1098,224
277,1089,226
277,1086,228
277,1082,229
277,1079,230
277,1076,231
277,1073,233
277,1201,212
277,1212,215
277,1220,215
277,1228,215
277,1237,215
277,1245,214
277,1254,214
277,1125,201
277,1121,201
277,1119,203
277,1074,209
277,1066,209
277,1058,208
277,1050,209
277,1042,209
277,1035,208
277,985,179
277,978,179
277,976,179
277,966,177
277,956,175
277,947,173
277,937,171
277,927,170
277,917,168
277,907,165
277,898,163
277,888,161
277,878,159
277,868,157
277,859,155
277,849,154
277,963,176
277,964,177
277,963,178
277,962,178
277,960,177
277,959,177
277,957,177
277,955,177
277,949,170
277,947,169
277,945,168
277,943,167
277,941,167
277,939,166
277,937,165
277,935,164
277,933,163
277,931,163
277,929,162
277,927,161
277,926,160
277,923,160
277,921,159
277,919,158
277,918,157
277,916,157
277,913,155
277,911,155
277,1133,207
277,1131,208
277,1130,207
277,1130,207
277,1129,209
279,555,102
279,554,104
279,661,80
279,698,73
279,709,70
279,712,70
279,731,84
279,741,89
279,742,92
279,742,91
279,742,91
279,742,92
279,742,92
279,742,93
279,742,92
279,741,91
279,741,92
279,742,92
279,742,92
279,742,92
279,742,92
279,742,92
279,741,91
279,743,92
279,741,91
279,745,92
279,747,93
279,744,93
279,747,93
279,749,94
279,748,91
279,754,92
279,752,92
279,752,91
279,749,91
279,745,92
279,745,92
279,744,92
279,745,93
279,748,93
279,754,93
279,757,94
279,758,94
279,760,94
279,761,94
279,763,94
279,764,95
279,765,95
279,767,95
279,769,95
279,770,95
279,772,96
279,773,96
279,774,96
279,776,97
279,778,97
279,779,97
279,780,97
279,782,97
279,784,97
279,785,97
279,786,97
279,788,98
279,789,98
279,791,98
279,792,98
279,794,99
279,795,99
279,797,99
279,1037,171
279,1048,175
279,1058,178
279,1069,181
279,1081,184
279,1091,186
279,1102,190
279,1191,203
279,1200,209
279,1221,219
279,1237,223
279,1196,220
279,1184,221
279,1172,214
279,1163,192
279,1158,202
279,1141,205
279,1136,207
279,1134,209
279,1129,210
279,1128,210
279,1130,207
279,1130,204
279,1129,203
279,1131,204
279,1132,207
279,1134,208
279,1135,209
279,1135,209
279,1136,209
279,1135,210
279,1134,210
279,1132,210
279,1132,212
279,1137,194
279,1139,184
279,1140,182
279,1140,179
279,1141,177
279,1142,175
279,1142,172
279,1143,170
279,1144,167
279,1145,165
279,1145,163
279,1146,160
279,1146,158
279,1147,156
279,1154,173
279,1154,173
279,1155,173
279,1155,172
279,1155,173
279,1156,172
279,1157,171
279,1158,170
279,1158,170
279,1159,169
279,1160,168
279,1161,167
284,559,114
284,560,117
284,562,118
284,565,118
284,557,131
284,557,135
284,556,137
284,556,137
284,557,137
284,557,137
284,557,136
284,557,137
284,555,137
284,553,136
284,552,138
284,552,140
284,551,141
284,551,142
284,550,143
284,555,131
284,552,130
284,551,131
284,551,131
284,551,131
284,547,132
284,547,131
284,546,131
284,546,131
284,546,131
284,546,131
284,549,131
284,549,131
284,546,131
284,545,132
284,544,132
284,544,132
284,544,132
284,549,135
284,551,135
284,551,135
284,550,132
284,550,131
284,549,128
284,551,128
284,550,131
284,550,132
284,548,133
284,547,131
284,542,131
284,538,131
284,539,129
284,537,126
284,538,127
284,539,126
284,539,125
284,539,125
284,538,124
284,537,124
284,537,123
284,536,122
284,545,128
284,546,130
284,544,131
284,540,131
284,538,130
284,538,131
284,536,129
284,533,127
284,530,127
284,531,128
284,530,129
284,530,129
284,532,129
284,534,129
284,534,129
284,533,129
284,533,129
284,530,129
284,531,131
284,533,131
284,532,131
284,533,130
284,533,130
284,532,130
284,536,130
284,535,130
284,535,130
284,535,130
284,534,130
284,534,130
284,531,131
284,531,129
284,529,127
284,529,129
284,529,129
284,528,130
284,527,131
284,528,131
284,527,132
284,526,131
284,528,132
284,528,133
284,528,132
284,528,133
284,529,135
284,528,137
284,528,136
284,530,135
284,530,132
284,531,130
284,530,134
284,529,134
284,529,135
284,528,137
284,527,139
284,529,137
284,530,140
287,372,302
287,372,302
287,372,303
287,383,295
287,390,296
287,393,296
287,388,292
287,390,291
287,392,290
287,394,288
287,396,287
287,398,286
287,400,285
287,402,283
287,404,282
287,406,281
287,408,279
287,410,278
287,411,277
287,386,298
287,386,298
287,386,299
287,386,299
287,386,299
287,387,300
287,387,300
287,387,300
287,387,300
287,387,300
287,387,300
287,388,301
287,388,301
287,388,301
287,388,302
287,389,302
287,389,302
287,389,302
287,389,302
287,389,303
287,389,303
287,390,303
287,390,303
287,390,303
287,390,236
287,391,235
287,391,233
287,391,230
287,391,228
287,391,225
287,392,223
287,381,294
287,380,299
287,381,301
287,380,306
287,379,312
287,385,301
287,384,298
287,384,302
287,386,296
287,385,296
287,385,298
287,385,301
287,386,295
287,381,295
287,379,294
287,381,296
287,382,295
287,382,297
287,385,297
287,387,298
287,387,300
287,383,301
287,378,300
287,379,297
287,380,298
287,380,295
287,379,292
287,381,296
287,381,291
287,382,293
287,378,294
287,376,293
287,377,294
287,378,297
287,379,297
287,379,298
287,379,298
287,379,298
287,379,298
287,378,299
287,378,299
287,378,299
287,363,235
287,363,234
287,365,233
287,367,234
287,366,231
287,366,228
287,368,232
287,363,231
287,364,234
287,361,233
287,359,232
287,357,231
287,356,230
287,355,229
287,354,228
287,354,226
287,353,225
291,823,96
291,822,97
291,829,96
291,835,93
291,828,94
291,835,96
291,848,75
291,863,72
291,867,71
291,882,72
291,889,70
291,896,67
291,903,65
291,911,63
291,918,61
291,925,59
291,933,57
291,940,55
291,947,52
291,954,50
291,962,48
291,969,46
291,976,44
291,983,42
291,991,40
291,998,37
291,1005,36
291,1013,34
291,1020,31
291,1027,29
291,1034,27
291,1042,25
291,1049,23
291,1056,21
291,1064,19
291,1071,16
291,1078,14
291,1085,12
291,1093,10
291,1100,8
293,1619,777
293,1632,776
293,1620,773
293,1625,777
293,1629,782
293,1624,784
293,1600,781
293,1583,778
293,1522,781
293,1510,783
293,1510,784
293,1509,783
293,1501,778
293,1493,774
293,1484,774
293,1488,770
293,1498,772
293,1503,773
293,1496,776
293,1503,788
293,1499,789
293,1564,763
293,1523,796
293,1515,799
293,1503,800
293,1500,802
293,1503,806
293,1558,801
293,1571,800
293,1517,808
293,1480,807
293,1465,810
293,1443,811
293,1374,814
293,1347,824
293,1372,829
293,1350,836
293,1302,835
293,1298,841
293,1299,845
293,1300,864
293,1282,877
293,1243,887
293,1222,894
293,1181,901
293,1172,910
293,1147,922
293,1135,924
293,1129,932
293,1126,938
293,1070,935
293,1059,933
293,1030,924
293,1013,919
293,1000,919
293,981,922
293,962,924
293,943,926
293,924,922
293,926,917
293,929,913
293,931,911
293,912,920
293,899,921
293,911,935
293,895,950
293,918,957
302,1040,225
302,1225,285
302,1265,303
302,1261,310
302,1253,310
302,1288,323
302,1323,336
302,1359,348
302,1394,361
302,1429,373
302,1464,386
302,1499,399
302,1534,411
302,1569,424
302,1605,437
302,1640,450
302,1675,462
302,1711,475
302,1746,488
302,1781,501
302,1816,513
302,1851,525
302,1886,538
302,1921,551
302,1956,564
302,1992,576
302,2027,589
302,2062,602
302,2097,614
305,1124,170
305,1132,180
305,1136,181
305,1136,186
305,1135,191
305,1134,196
305,1134,201
305,1133,206
305,1133,212
305,1132,217
305,1131,222
305,1131,227
305,1130,232
305,1130,237
305,1129,242
305,1128,247
305,1128,253
305,1128,258
305,1127,263
305,1126,268
305,1127,273
308,83,384
308,86,384
308,87,384
308,87,383
308,84,381
308,84,381
308,84,380
308,85,379
308,125,374
308,124,399
